date,pm25,pm10,no2,so2,co,o3,temperature,humidity,wind_speed,rainfall,industrial_emissions,traffic_density,vegetation_index,aqi,aqi_lag_1,aqi_lag_7,aqi_roll_7,day_of_week,month,is_holiday
2025-06-06,89.9,192.6,58.9,20.1,2.15,38.1,28.9,49.5,3.23,0.1,0.77,0.65,0.21,154,154.0,154.0,147.71428571428572,4,6,0
2025-06-07,77.8,183.3,57.7,19.9,1.96,33.6,28.0,52.9,3.15,19.7,0.78,0.62,0.19,144,154.0,154.0,147.71428571428572,5,6,0
2025-06-08,62.9,165.2,46.1,16.2,1.62,21.4,29.2,52.1,3.78,1.0,0.49,0.68,0.19,118,144.0,154.0,147.71428571428572,6,6,0
2025-06-09,79.6,190.0,57.2,16.9,2.08,25.4,30.6,52.8,3.08,6.9,0.6,0.83,0.19,142,118.0,154.0,147.71428571428572,0,6,0
2025-06-10,76.6,176.3,53.7,18.4,2.12,28.6,28.0,48.7,3.44,2.6,0.67,0.79,0.2,141,142.0,154.0,147.71428571428572,1,6,0
2025-06-11,90.9,203.0,64.4,19.1,2.25,37.2,28.0,53.0,3.5,6.5,0.77,0.76,0.2,166,141.0,154.0,147.71428571428572,2,6,0
2025-06-12,95.1,217.0,64.3,18.1,2.46,36.8,30.8,55.6,2.93,8.4,0.7,0.82,0.19,169,166.0,154.0,147.71428571428572,3,6,0
2025-06-13,64.0,163.2,48.2,17.5,1.97,29.5,29.6,60.6,3.95,14.2,0.65,0.75,0.19,127,169.0,154.0,147.71428571428572,4,6,0
2025-06-14,87.2,200.8,60.0,18.8,2.12,34.7,27.8,58.5,3.28,0.0,0.67,0.64,0.19,151,127.0,144.0,143.85714285714286,5,6,0
2025-06-15,65.9,150.9,44.6,15.9,1.67,26.9,29.3,64.7,2.95,0.0,0.51,0.65,0.2,119,151.0,118.0,144.85714285714286,6,6,0
2025-06-16,87.8,214.4,62.5,18.7,2.18,35.9,27.9,50.4,3.75,0.0,0.72,0.83,0.2,162,119.0,142.0,145.0,0,6,0
2025-06-17,98.1,248.0,66.2,21.6,2.45,35.0,27.9,58.9,2.92,0.0,0.68,0.9,0.19,179,162.0,141.0,147.85714285714286,1,6,0
2025-06-18,84.2,205.8,57.7,20.8,2.2,31.9,29.0,55.7,3.5,0.0,0.67,0.81,0.2,153,179.0,166.0,153.28571428571428,2,6,0
2025-06-19,80.0,201.0,59.7,19.4,2.22,36.8,25.8,66.1,3.5,0.0,0.66,0.77,0.19,155,153.0,169.0,151.42857142857142,3,6,0
2025-06-20,78.7,174.0,52.7,17.4,1.77,28.4,26.1,51.4,4.18,0.0,0.63,0.79,0.2,135,155.0,127.0,149.42857142857142,4,6,0
2025-06-21,76.1,176.7,55.8,18.6,1.84,30.5,27.9,51.5,3.84,0.0,0.76,0.58,0.21,138,135.0,151.0,150.57142857142858,5,6,0
2025-06-22,59.3,146.6,39.4,11.5,1.56,20.0,27.2,53.0,3.56,1.5,0.46,0.62,0.2,105,138.0,119.0,148.71428571428572,6,6,0
2025-06-23,79.0,174.9,56.8,19.8,1.98,25.7,29.3,45.7,4.09,19.7,0.73,0.78,0.19,138,105.0,162.0,146.71428571428572,0,6,0
2025-06-24,78.1,192.2,62.5,18.6,2.23,31.0,27.4,54.0,4.46,0.0,0.75,0.78,0.2,148,138.0,179.0,143.28571428571428,1,6,0
2025-06-25,76.7,178.3,55.7,18.6,2.05,29.8,26.7,53.2,3.98,3.9,0.72,0.81,0.2,137,148.0,153.0,138.85714285714286,2,6,0
2025-06-26,76.6,178.9,57.1,16.1,2.15,27.0,31.0,58.0,3.68,0.0,0.64,0.77,0.19,141,137.0,155.0,136.57142857142858,3,6,0
2025-06-27,92.1,200.7,59.7,18.7,2.28,34.3,28.5,59.3,2.91,0.4,0.68,0.84,0.2,163,141.0,135.0,134.57142857142858,4,6,0
2025-06-28,69.9,182.9,55.1,19.1,1.99,26.1,29.0,67.3,3.08,1.5,0.66,0.64,0.2,139,163.0,138.0,138.57142857142858,5,6,0
2025-06-29,57.7,136.5,38.0,12.4,1.73,24.3,26.8,63.0,3.56,0.0,0.43,0.64,0.19,105,139.0,105.0,138.71428571428572,6,6,0
2025-06-30,82.6,203.5,56.5,20.4,2.3,31.9,28.1,55.7,3.4,0.7,0.67,0.79,0.19,153,105.0,138.0,138.71428571428572,0,6,0
2025-07-01,80.1,182.1,53.4,17.3,1.97,34.4,29.1,54.4,3.67,7.4,0.59,0.81,0.2,143,153.0,148.0,140.85714285714286,1,7,0
2025-07-02,92.3,224.6,66.1,18.5,2.29,40.5,27.2,61.7,3.84,2.3,0.71,0.83,0.2,165,143.0,137.0,140.14285714285714,2,7,0
2025-07-03,68.4,159.8,52.9,17.4,1.86,25.9,29.5,53.0,4.15,3.9,0.62,0.76,0.2,128,165.0,141.0,144.14285714285714,3,7,0
2025-07-04,70.6,185.5,53.2,16.5,1.99,24.4,28.1,69.1,3.81,2.7,0.65,0.77,0.2,132,128.0,163.0,142.28571428571428,4,7,0
2025-07-05,64.5,139.3,45.4,16.7,1.75,17.5,28.5,66.1,4.16,0.0,0.66,0.63,0.2,118,132.0,139.0,137.85714285714286,5,7,0
2025-07-06,47.9,123.0,35.9,11.8,1.31,12.9,28.1,58.2,3.93,10.2,0.44,0.59,0.19,92,118.0,105.0,134.85714285714286,6,7,0
2025-07-07,87.8,205.4,60.4,17.5,2.17,28.3,31.8,52.3,2.73,0.0,0.67,0.76,0.2,155,92.0,153.0,133.0,0,7,0
2025-07-08,72.8,168.4,52.9,17.0,1.76,31.9,29.0,68.0,3.37,6.7,0.61,0.78,0.2,134,155.0,143.0,133.28571428571428,1,7,0
2025-07-09,67.1,182.6,51.1,20.0,2.19,29.3,27.4,61.0,3.87,5.2,0.67,0.83,0.19,138,134.0,165.0,132.0,2,7,0
2025-07-10,73.2,185.9,50.0,16.9,1.94,28.9,30.2,68.1,3.25,8.7,0.56,0.8,0.19,135,138.0,128.0,128.14285714285714,3,7,0
2025-07-11,69.8,154.7,52.3,16.9,1.97,21.1,27.2,54.3,4.35,22.1,0.63,0.8,0.18,133,135.0,132.0,129.14285714285714,4,7,0
2025-07-12,70.1,181.3,56.4,19.2,1.86,24.6,29.3,59.6,4.93,0.0,0.72,0.66,0.19,136,133.0,118.0,129.28571428571428,5,7,0
2025-07-13,41.5,86.9,28.3,10.8,1.44,18.0,26.1,63.0,4.76,0.0,0.4,0.63,0.19,82,136.0,92.0,131.85714285714286,6,7,0
2025-07-14,74.0,166.5,51.6,16.8,1.7,29.0,27.0,63.5,3.92,0.0,0.58,0.8,0.19,134,82.0,155.0,130.42857142857142,0,7,0
2025-07-15,70.6,170.5,49.5,15.0,1.83,24.0,29.3,61.4,4.96,0.0,0.64,0.78,0.2,121,134.0,134.0,127.42857142857143,1,7,0
2025-07-16,75.9,172.4,55.0,17.4,1.99,29.7,30.1,67.1,4.17,7.2,0.62,0.79,0.19,136,121.0,138.0,125.57142857142857,2,7,0
2025-07-17,70.4,161.3,53.3,17.8,1.87,31.9,29.2,59.0,3.9,0.0,0.63,0.76,0.19,131,136.0,135.0,125.28571428571429,3,7,0
2025-07-18,79.4,182.9,56.4,16.8,2.14,29.1,28.8,63.9,3.75,0.0,0.63,0.68,0.19,142,131.0,133.0,124.71428571428571,4,7,0
2025-07-19,57.6,156.0,43.3,16.4,1.48,21.3,28.5,65.6,3.96,7.3,0.64,0.62,0.19,107,142.0,136.0,126.0,5,7,0
2025-07-20,55.7,122.0,36.9,12.9,1.66,21.5,26.7,67.9,3.92,3.3,0.46,0.66,0.19,105,107.0,82.0,121.85714285714286,6,7,0
2025-07-21,72.2,170.5,52.9,16.3,2.06,36.0,27.8,69.2,4.27,11.8,0.62,0.81,0.19,138,105.0,134.0,125.14285714285714,0,7,0
2025-07-22,69.8,189.3,54.7,17.8,2.14,22.2,28.2,60.4,4.28,0.9,0.59,0.81,0.19,136,138.0,121.0,125.71428571428571,1,7,0
2025-07-23,91.8,234.7,66.1,19.5,2.28,38.2,30.5,58.7,4.2,0.0,0.63,0.82,0.19,169,136.0,136.0,127.85714285714286,2,7,0
2025-07-24,80.3,187.8,58.7,19.3,1.99,30.1,29.4,73.1,4.48,0.0,0.69,0.77,0.19,145,169.0,131.0,132.57142857142858,3,7,0
2025-07-25,60.9,134.6,45.9,14.4,1.84,24.3,26.2,68.7,4.95,5.5,0.58,0.77,0.19,111,145.0,142.0,134.57142857142858,4,7,0
2025-07-26,53.1,145.2,41.2,13.2,1.5,16.9,29.3,63.7,4.82,9.3,0.54,0.59,0.18,99,111.0,107.0,130.14285714285714,5,7,0
2025-07-27,46.7,129.7,34.9,12.2,1.22,16.7,28.2,75.5,3.37,0.0,0.45,0.59,0.2,90,99.0,105.0,129.0,6,7,0
2025-07-28,82.7,196.6,55.4,17.8,2.04,33.3,27.8,68.7,2.74,2.3,0.58,0.78,0.2,147,90.0,138.0,126.85714285714286,0,7,0
2025-07-29,53.8,130.0,44.3,11.1,1.73,29.7,29.7,74.3,4.85,0.0,0.47,0.8,0.18,105,147.0,136.0,128.14285714285714,1,7,0
2025-07-30,85.9,197.1,56.1,17.3,2.2,34.4,30.3,69.1,3.48,0.0,0.62,0.74,0.19,152,105.0,169.0,123.71428571428571,2,7,0
2025-07-31,60.3,148.4,48.8,15.6,1.66,20.2,30.1,79.4,4.18,9.5,0.55,0.73,0.19,115,152.0,145.0,121.28571428571429,3,7,0
2025-08-01,70.6,174.8,50.5,16.2,1.63,26.4,27.4,78.2,3.62,2.5,0.57,0.74,0.19,132,115.0,111.0,117.0,4,8,0
2025-08-02,61.8,168.2,50.6,15.0,1.74,23.1,28.2,68.5,3.26,7.1,0.59,0.61,0.19,120,132.0,99.0,120.0,5,8,0
2025-08-03,53.7,137.6,35.4,10.7,1.32,13.9,29.1,75.0,4.67,0.0,0.41,0.54,0.19,100,120.0,90.0,123.0,6,8,0
2025-08-04,64.9,137.9,47.1,14.0,1.44,21.2,30.0,73.7,4.82,0.8,0.6,0.64,0.18,113,100.0,147.0,124.42857142857143,0,8,0
2025-08-05,79.8,196.0,52.1,14.8,1.7,32.2,27.8,77.6,4.03,0.0,0.54,0.71,0.18,142,113.0,105.0,119.57142857142857,1,8,0
2025-08-06,85.3,197.2,53.9,17.8,2.12,28.0,28.2,66.3,2.83,0.0,0.59,0.68,0.18,150,142.0,152.0,124.85714285714286,2,8,0
2025-08-07,67.0,160.2,47.1,14.4,1.76,27.5,26.8,74.9,4.06,24.0,0.55,0.7,0.18,119,150.0,115.0,124.57142857142857,3,8,0
2025-08-08,65.7,174.8,51.6,15.0,1.8,27.5,26.6,77.0,4.64,4.7,0.6,0.71,0.19,125,119.0,132.0,125.14285714285714,4,8,0
2025-08-09,68.2,154.5,47.8,15.9,1.84,23.3,29.6,63.3,3.52,1.6,0.59,0.56,0.18,126,125.0,120.0,124.14285714285714,5,8,0
2025-08-10,32.2,81.4,23.0,9.0,1.18,9.2,30.4,66.5,4.53,6.2,0.36,0.61,0.19,63,126.0,100.0,125.0,6,8,0
2025-08-11,69.0,149.5,47.5,17.6,1.92,28.7,28.2,62.5,4.42,16.5,0.61,0.72,0.19,118,63.0,113.0,119.71428571428571,0,8,0
2025-08-12,61.1,140.3,45.6,13.1,1.61,25.7,29.7,71.7,4.78,10.5,0.52,0.72,0.18,118,118.0,142.0,120.42857142857143,1,8,0
2025-08-13,71.4,165.2,50.4,17.1,1.83,25.5,28.7,76.9,4.51,0.0,0.59,0.72,0.19,125,118.0,150.0,117.0,2,8,0
2025-08-14,60.9,157.7,45.0,15.1,1.42,20.3,27.2,81.2,3.86,8.6,0.57,0.65,0.19,106,125.0,119.0,113.42857142857143,3,8,0
2025-08-15,73.7,146.5,49.8,15.5,1.8,25.5,28.6,74.3,5.17,0.0,0.64,0.73,0.19,124,106.0,125.0,111.57142857142857,4,8,1
2025-08-16,65.4,157.3,50.7,15.2,1.63,22.7,30.3,82.4,4.37,0.0,0.53,0.55,0.18,121,124.0,126.0,111.42857142857143,5,8,0
2025-08-17,54.2,128.2,36.2,10.8,1.47,11.8,27.9,67.7,4.45,2.3,0.37,0.57,0.19,95,121.0,63.0,110.71428571428571,6,8,0
2025-08-18,70.4,151.3,44.8,14.8,1.67,29.0,30.3,66.4,3.91,5.4,0.54,0.64,0.19,116,95.0,118.0,115.28571428571429,0,8,0
2025-08-19,64.9,156.8,43.6,16.4,1.77,26.0,23.9,74.9,4.21,0.0,0.52,0.62,0.18,121,116.0,118.0,115.0,1,8,0
2025-08-20,64.2,152.3,48.6,16.4,1.89,26.7,29.1,77.4,3.95,0.0,0.58,0.71,0.19,125,121.0,125.0,115.42857142857143,2,8,0
2025-08-21,38.1,105.3,32.3,11.4,1.56,14.1,27.9,75.6,4.38,23.1,0.45,0.69,0.19,80,125.0,106.0,115.42857142857143,3,8,0
2025-08-22,47.5,101.3,36.3,11.0,1.3,13.0,27.3,65.7,5.52,0.0,0.48,0.63,0.18,83,80.0,124.0,111.71428571428571,4,8,0
2025-08-23,56.7,129.9,44.5,12.4,1.44,22.2,27.8,75.9,3.67,9.8,0.48,0.5,0.18,113,83.0,121.0,105.85714285714286,5,8,0
2025-08-24,47.2,123.8,32.1,10.9,1.36,12.2,24.6,70.1,3.53,20.7,0.4,0.57,0.19,88,113.0,95.0,104.71428571428571,6,8,0
2025-08-25,59.4,144.9,44.3,15.8,1.46,27.8,27.2,80.2,5.38,1.6,0.61,0.61,0.18,106,88.0,116.0,103.71428571428571,0,8,0
2025-08-26,62.3,146.3,45.5,12.7,1.85,18.7,28.0,79.0,4.37,6.7,0.52,0.72,0.19,112,106.0,121.0,102.28571428571429,1,8,0
2025-08-27,68.1,159.8,49.9,13.8,1.68,21.4,29.6,72.7,4.1,19.8,0.52,0.62,0.19,122,112.0,125.0,101.0,2,8,0
2025-08-28,68.3,168.3,49.2,15.2,1.71,24.1,26.6,75.1,5.12,0.0,0.53,0.68,0.18,123,122.0,80.0,100.57142857142857,3,8,0
2025-08-29,81.0,184.3,55.3,16.1,1.86,33.7,26.1,72.7,4.14,9.6,0.58,0.63,0.17,140,123.0,83.0,106.71428571428571,4,8,0
2025-08-30,40.1,108.8,33.1,10.2,1.28,14.3,26.5,77.9,5.6,2.8,0.48,0.53,0.18,78,140.0,113.0,114.85714285714286,5,8,0
2025-08-31,39.2,95.1,30.7,9.3,1.13,9.3,28.5,83.3,4.91,0.0,0.37,0.5,0.18,75,78.0,88.0,109.85714285714286,6,8,0
2025-09-01,48.4,130.3,41.5,11.7,1.36,21.3,27.6,73.8,4.21,28.3,0.57,0.63,0.18,92,75.0,106.0,108.0,0,9,0
2025-09-02,58.3,134.4,38.6,12.6,1.69,22.3,26.2,81.5,5.79,23.1,0.54,0.64,0.19,101,92.0,112.0,106.0,1,9,0
2025-09-03,56.4,128.5,39.1,13.8,1.36,20.5,27.7,76.6,4.13,5.1,0.53,0.59,0.17,98,101.0,122.0,104.42857142857143,2,9,0
2025-09-04,60.5,129.6,42.0,12.9,1.61,23.6,27.0,75.5,4.94,15.8,0.57,0.66,0.18,107,98.0,123.0,101.0,3,9,0
2025-09-05,41.9,93.0,29.3,7.8,1.25,19.0,28.3,79.2,4.67,14.9,0.38,0.61,0.18,70,107.0,140.0,98.71428571428571,4,9,0
2025-09-06,41.9,100.7,38.2,11.5,1.06,22.1,25.7,74.8,5.27,3.1,0.55,0.49,0.19,83,70.0,78.0,88.71428571428571,5,9,0
2025-09-07,29.1,51.9,18.7,7.6,0.86,3.7,26.2,77.4,5.42,14.1,0.34,0.47,0.19,44,83.0,75.0,89.42857142857143,6,9,0
2025-09-08,48.6,97.5,27.6,10.4,1.11,19.7,26.0,74.4,4.5,0.3,0.42,0.52,0.18,80,44.0,92.0,85.0,0,9,0
2025-09-09,61.0,130.5,42.0,13.5,1.64,23.0,24.3,90.4,4.02,7.3,0.54,0.61,0.18,107,80.0,101.0,83.28571428571429,1,9,0
2025-09-10,68.1,165.4,47.6,15.0,1.62,24.7,26.9,81.0,4.75,2.1,0.58,0.71,0.18,114,107.0,98.0,84.14285714285714,2,9,0
2025-09-11,61.8,168.5,47.5,13.0,1.8,19.9,26.7,77.5,4.06,1.0,0.5,0.65,0.18,121,114.0,107.0,86.42857142857143,3,9,0
2025-09-12,46.2,128.3,38.0,13.0,1.47,16.0,26.3,82.3,5.67,0.0,0.56,0.61,0.18,87,121.0,70.0,88.42857142857143,4,9,0
2025-09-13,54.0,123.1,41.9,14.4,1.49,18.0,25.9,80.9,4.53,9.5,0.59,0.48,0.18,102,87.0,83.0,90.85714285714286,5,9,0
2025-09-14,54.9,125.3,34.2,11.3,1.38,21.7,24.0,80.5,4.23,3.3,0.4,0.49,0.17,96,102.0,44.0,93.57142857142857,6,9,0
2025-09-15,58.5,135.3,46.4,15.8,1.6,26.1,25.4,84.9,4.55,0.0,0.59,0.63,0.18,112,96.0,80.0,101.0,0,9,0
2025-09-16,62.3,136.2,41.9,13.0,1.48,16.0,25.5,85.8,3.62,0.5,0.54,0.56,0.17,109,112.0,107.0,105.57142857142857,1,9,0
2025-09-17,67.5,142.4,49.1,15.4,1.82,23.8,24.7,79.5,3.84,0.0,0.51,0.65,0.17,115,109.0,114.0,105.85714285714286,2,9,0
2025-09-18,57.2,140.1,39.6,12.4,1.44,23.3,25.6,79.5,5.13,0.0,0.42,0.63,0.18,100,115.0,121.0,106.0,3,9,0
2025-09-19,60.8,138.6,41.4,13.3,1.49,21.4,26.3,81.1,4.01,12.5,0.49,0.63,0.17,109,100.0,87.0,103.0,4,9,0
2025-09-20,47.8,128.5,35.7,12.0,1.39,19.6,28.5,71.2,3.77,0.0,0.46,0.5,0.18,92,109.0,102.0,106.14285714285714,5,9,0
2025-09-21,43.2,112.9,33.3,10.8,1.14,16.7,25.8,75.3,4.71,7.9,0.43,0.48,0.18,83,92.0,96.0,104.71428571428571,6,9,0
2025-09-22,48.1,123.2,33.6,12.6,1.21,16.0,25.9,89.8,5.09,17.4,0.49,0.63,0.17,81,83.0,112.0,102.85714285714286,0,9,0
2025-09-23,61.1,127.0,44.4,12.5,1.42,20.8,25.3,91.4,4.8,7.7,0.51,0.62,0.18,107,81.0,109.0,98.42857142857143,1,9,0
2025-09-24,57.5,146.4,42.4,12.9,1.47,18.1,22.4,82.0,4.95,0.0,0.53,0.59,0.18,105,107.0,115.0,98.14285714285714,2,9,0
2025-09-25,57.1,147.2,40.4,14.6,1.52,18.1,25.2,86.3,3.89,0.0,0.5,0.58,0.18,106,105.0,100.0,96.71428571428571,3,9,0
2025-09-26,55.6,138.0,49.1,14.2,1.63,25.1,25.2,85.1,3.48,16.3,0.59,0.6,0.18,112,106.0,109.0,97.57142857142857,4,9,0
2025-09-27,38.7,107.2,32.4,11.7,1.28,13.4,28.8,95.0,5.22,0.2,0.47,0.53,0.17,76,112.0,92.0,98.0,5,9,0
2025-09-28,46.8,99.8,31.1,11.2,1.15,13.3,24.7,89.4,4.11,16.6,0.36,0.44,0.17,75,76.0,83.0,95.71428571428571,6,9,0
2025-09-29,57.3,142.7,41.4,13.1,1.53,21.4,25.4,83.3,4.14,0.0,0.46,0.54,0.17,111,75.0,81.0,94.57142857142857,0,9,0
2025-09-30,41.5,90.1,31.7,11.0,1.21,12.7,24.8,79.2,5.08,22.4,0.43,0.61,0.17,74,111.0,107.0,98.85714285714286,1,9,0
2025-10-01,59.1,126.8,40.6,11.7,1.55,24.0,23.0,76.1,4.6,0.0,0.47,0.6,0.19,102,74.0,105.0,94.14285714285714,2,10,0
2025-10-02,41.5,123.4,30.9,12.3,1.44,14.3,26.4,85.2,4.53,0.8,0.5,0.61,0.18,82,102.0,106.0,93.71428571428571,3,10,1
2025-10-03,46.8,109.4,38.8,11.7,1.34,11.9,25.7,80.5,5.54,2.0,0.48,0.61,0.17,84,82.0,112.0,90.28571428571429,4,10,0
2025-10-04,56.1,132.2,41.0,12.9,1.3,21.3,25.7,77.3,3.84,0.0,0.47,0.48,0.17,97,84.0,76.0,86.28571428571429,5,10,0
2025-10-05,32.7,70.9,23.1,7.1,0.92,9.6,23.0,81.2,4.77,0.2,0.3,0.53,0.18,59,97.0,75.0,89.28571428571429,6,10,0
2025-10-06,59.2,113.3,35.3,10.7,1.21,17.8,26.4,79.1,4.23,0.0,0.5,0.54,0.18,92,59.0,111.0,87.0,0,10,0
2025-10-07,42.4,120.6,35.0,11.6,1.39,21.9,22.1,93.1,4.34,2.3,0.43,0.57,0.18,86,92.0,74.0,84.28571428571429,1,10,0
2025-10-08,61.3,126.7,42.7,11.8,1.6,21.4,25.0,89.1,5.08,0.0,0.54,0.6,0.17,106,86.0,102.0,86.0,2,10,0
2025-10-09,53.8,125.0,40.4,12.6,1.48,20.1,27.3,84.7,4.45,0.0,0.51,0.54,0.17,99,106.0,82.0,86.57142857142857,3,10,0
2025-10-10,42.7,95.6,31.0,11.1,1.2,10.3,22.5,92.2,4.45,0.0,0.43,0.6,0.17,73,99.0,84.0,89.0,4,10,0
2025-10-11,41.6,96.0,32.7,10.9,1.31,13.0,23.0,85.2,4.76,0.0,0.49,0.54,0.17,73,73.0,97.0,87.42857142857143,5,10,0
2025-10-12,38.9,95.7,31.8,11.2,1.09,15.7,23.9,80.6,3.88,0.0,0.33,0.49,0.16,75,73.0,59.0,84.0,6,10,0
2025-10-13,69.4,165.6,49.0,16.2,1.84,22.0,22.9,92.5,3.57,0.0,0.52,0.62,0.17,125,75.0,92.0,86.28571428571429,0,10,0
2025-10-14,47.5,131.0,38.3,12.8,1.41,20.5,21.3,87.6,3.43,0.0,0.57,0.57,0.17,96,125.0,86.0,91.0,1,10,0
2025-10-15,60.6,144.9,43.0,12.7,1.48,22.3,23.6,79.8,2.86,0.0,0.41,0.59,0.17,107,96.0,106.0,92.42857142857143,2,10,0
2025-10-16,50.6,109.5,40.6,12.3,1.45,18.3,21.8,84.0,5.25,0.0,0.51,0.61,0.19,90,107.0,99.0,92.57142857142857,3,10,0
2025-10-17,74.9,170.3,56.1,14.0,1.86,31.5,24.1,80.6,3.34,0.0,0.5,0.61,0.17,133,90.0,73.0,91.28571428571429,4,10,0
2025-10-18,61.4,147.2,40.3,12.9,1.53,23.1,21.9,78.1,3.85,6.9,0.54,0.54,0.17,106,133.0,73.0,99.85714285714286,5,10,0
2025-10-19,51.3,125.8,35.1,10.4,1.34,22.1,25.5,89.6,3.8,0.0,0.36,0.52,0.18,91,106.0,75.0,104.57142857142857,6,10,0
2025-10-20,58.2,125.6,36.8,11.1,1.52,18.9,21.9,94.5,4.13,0.0,0.47,0.59,0.17,105,91.0,125.0,106.85714285714286,0,10,0
2025-10-21,45.2,116.0,37.1,11.9,1.62,17.7,22.5,78.0,4.41,0.0,0.49,0.64,0.17,87,105.0,96.0,104.0,1,10,0
2025-10-22,60.6,132.4,42.5,13.6,1.78,23.9,24.2,87.8,4.42,0.0,0.47,0.66,0.17,114,87.0,107.0,102.71428571428571,2,10,0
2025-10-23,76.8,173.5,55.1,14.6,1.95,25.9,21.0,81.7,3.53,0.0,0.56,0.68,0.18,133,114.0,90.0,103.71428571428571,3,10,0
2025-10-24,76.0,184.7,47.8,16.0,1.88,30.8,23.1,82.5,3.76,0.0,0.51,0.7,0.16,130,133.0,133.0,109.85714285714286,4,10,0
2025-10-25,83.2,190.7,54.5,19.0,2.01,40.2,24.6,81.9,4.01,1.3,0.61,0.48,0.17,153,130.0,106.0,109.42857142857143,5,10,0
2025-10-26,35.9,77.8,25.7,9.0,1.1,12.2,20.2,80.5,3.67,2.9,0.36,0.49,0.16,65,153.0,91.0,116.14285714285714,6,10,0
2025-10-27,61.0,156.7,40.4,13.7,1.64,25.9,22.8,85.0,4.76,0.0,0.48,0.6,0.17,116,65.0,105.0,112.42857142857143,0,10,0
2025-10-28,60.6,122.6,41.5,13.3,1.52,21.6,22.8,80.6,4.07,0.0,0.44,0.64,0.16,104,116.0,87.0,114.0,1,10,0
2025-10-29,61.9,136.5,37.1,13.7,1.62,20.4,23.5,86.0,4.19,0.0,0.43,0.67,0.17,109,104.0,114.0,116.42857142857143,2,10,0
2025-10-30,63.8,141.8,40.5,13.1,1.3,16.8,20.4,84.3,4.13,11.7,0.44,0.7,0.17,105,109.0,133.0,115.71428571428571,3,10,0
2025-10-31,58.3,138.9,39.7,13.4,1.66,21.5,20.2,83.3,4.41,0.0,0.53,0.66,0.17,111,105.0,130.0,111.71428571428571,4,10,0
2025-11-01,57.3,136.2,42.2,14.2,1.43,17.8,22.9,79.9,3.79,0.0,0.55,0.52,0.17,106,111.0,153.0,109.0,5,11,0
2025-11-02,54.7,133.6,39.0,12.2,1.57,25.2,22.5,81.5,2.88,0.4,0.31,0.54,0.16,98,106.0,65.0,102.28571428571429,6,11,0
2025-11-03,62.2,145.9,45.0,13.9,1.61,22.6,22.3,88.0,3.88,0.0,0.57,0.64,0.17,110,98.0,116.0,107.0,0,11,0
2025-11-04,77.8,187.7,51.1,18.5,1.92,30.2,22.4,86.7,3.22,0.0,0.5,0.76,0.16,143,110.0,104.0,106.14285714285714,1,11,0
2025-11-05,64.5,156.0,47.2,14.6,1.71,29.0,20.8,79.2,3.27,0.0,0.53,0.61,0.16,122,143.0,109.0,111.71428571428571,2,11,0
2025-11-06,70.3,163.0,49.1,16.0,1.68,23.0,22.1,84.5,3.92,0.0,0.61,0.69,0.17,123,122.0,105.0,113.57142857142857,3,11,0
2025-11-07,72.6,165.5,50.9,15.3,1.94,25.3,22.1,87.6,4.29,0.0,0.57,0.77,0.16,128,123.0,111.0,116.14285714285714,4,11,0
2025-11-08,66.5,167.2,45.4,15.5,1.73,27.6,20.5,75.4,3.53,0.0,0.52,0.55,0.18,126,128.0,106.0,118.57142857142857,5,11,0
2025-11-09,50.3,105.4,33.3,8.4,1.38,19.3,24.3,86.3,3.68,0.0,0.34,0.55,0.17,84,126.0,98.0,121.42857142857143,6,11,0
2025-11-10,62.7,138.4,35.4,12.3,1.54,24.0,22.1,80.2,4.49,0.0,0.43,0.68,0.16,108,84.0,110.0,119.42857142857143,0,11,0
2025-11-11,65.0,144.7,44.0,13.3,1.73,26.2,19.6,86.2,3.59,0.3,0.5,0.69,0.16,117,108.0,143.0,119.14285714285714,1,11,0
2025-11-12,68.5,161.2,46.8,15.3,1.71,26.8,22.3,79.4,4.98,0.0,0.53,0.76,0.17,124,117.0,122.0,115.42857142857143,2,11,1
2025-11-13,66.6,147.0,46.5,15.3,1.75,26.8,19.7,74.0,3.73,5.8,0.49,0.62,0.18,118,124.0,123.0,115.71428571428571,3,11,0
2025-11-14,91.4,213.3,62.0,19.7,2.38,38.9,22.3,74.8,2.31,0.0,0.53,0.77,0.16,171,118.0,128.0,115.0,4,11,0
2025-11-15,61.5,147.2,41.6,12.0,1.59,20.3,22.8,83.0,3.8,2.0,0.55,0.53,0.16,112,171.0,126.0,121.14285714285714,5,11,0
2025-11-16,50.0,135.2,36.3,14.0,1.48,21.9,19.8,83.9,3.55,0.0,0.37,0.57,0.17,103,112.0,84.0,119.14285714285714,6,11,0
2025-11-17,70.0,165.4,47.4,15.2,1.83,22.9,22.4,77.9,4.07,0.0,0.51,0.7,0.17,122,103.0,108.0,121.85714285714286,0,11,0
2025-11-18,77.5,190.9,55.8,16.8,2.25,33.3,21.5,85.5,3.67,0.0,0.56,0.75,0.16,149,122.0,117.0,123.85714285714286,1,11,0
2025-11-19,75.3,170.6,48.9,16.2,1.79,26.3,22.0,73.8,3.16,1.1,0.57,0.66,0.17,129,149.0,124.0,128.42857142857142,2,11,0
2025-11-20,82.5,201.8,54.5,17.3,2.13,40.9,23.6,81.6,2.48,0.0,0.5,0.75,0.15,152,129.0,118.0,129.14285714285714,3,11,0
2025-11-21,85.3,206.8,60.8,18.1,2.11,34.9,20.3,75.7,3.07,0.0,0.63,0.82,0.16,156,152.0,171.0,134.0,4,11,0
2025-11-22,68.9,160.6,48.6,16.0,1.64,24.0,19.5,78.3,2.66,0.0,0.55,0.55,0.16,129,156.0,112.0,131.85714285714286,5,11,0
2025-11-23,60.8,146.9,41.3,12.3,1.61,23.8,19.2,81.6,2.79,0.1,0.39,0.6,0.17,112,129.0,103.0,134.28571428571428,6,11,0
2025-11-24,83.5,190.2,59.5,17.1,2.12,33.7,19.2,76.8,3.47,0.0,0.6,0.72,0.16,144,112.0,122.0,135.57142857142858,0,11,0
2025-11-25,66.0,173.8,48.7,15.8,1.92,34.4,20.3,79.0,4.09,0.0,0.57,0.76,0.16,134,144.0,149.0,138.71428571428572,1,11,0
2025-11-26,86.8,179.4,53.8,16.8,2.09,31.8,20.9,85.7,3.3,0.0,0.61,0.75,0.16,151,134.0,129.0,136.57142857142858,2,11,0
2025-11-27,93.9,220.8,63.9,19.5,2.23,33.3,20.7,77.6,2.32,1.3,0.58,0.73,0.16,169,151.0,152.0,139.71428571428572,3,11,0
2025-11-28,79.7,214.6,54.9,18.1,2.08,36.0,21.5,84.5,3.28,0.0,0.54,0.78,0.16,151,169.0,156.0,142.14285714285714,4,11,0
2025-11-29,74.6,181.2,53.6,17.7,1.98,27.2,20.2,74.4,3.71,0.0,0.59,0.66,0.16,142,151.0,129.0,141.42857142857142,5,11,0
2025-11-30,63.8,133.1,37.7,13.0,1.4,20.9,22.3,82.5,2.6,0.0,0.36,0.6,0.16,107,142.0,112.0,143.28571428571428,6,11,0
2025-12-01,76.4,190.3,54.3,17.7,2.2,31.3,19.7,86.8,2.86,0.0,0.58,0.79,0.16,144,107.0,144.0,142.57142857142858,0,12,0
2025-12-02,81.3,202.7,60.9,17.6,2.05,33.5,24.1,67.0,2.92,0.0,0.58,0.72,0.17,154,144.0,134.0,142.57142857142858,1,12,0
2025-12-03,91.7,218.3,61.2,19.4,2.26,38.0,20.9,75.1,2.41,0.0,0.57,0.73,0.16,161,154.0,151.0,145.42857142857142,2,12,0
2025-12-04,90.4,201.3,62.0,17.4,2.13,34.9,18.6,81.8,3.25,0.0,0.58,0.79,0.16,163,161.0,169.0,146.85714285714286,3,12,0
2025-12-05,74.9,189.6,49.4,15.3,2.15,30.9,18.3,77.6,2.76,0.0,0.49,0.83,0.15,141,163.0,151.0,146.0,4,12,0
2025-12-06,73.1,176.0,48.4,15.2,1.89,28.8,20.5,80.2,3.06,0.0,0.56,0.63,0.16,132,141.0,142.0,144.57142857142858,5,12,0
2025-12-07,55.6,137.6,34.7,13.8,1.6,23.2,19.4,75.1,2.25,0.0,0.42,0.61,0.16,107,132.0,107.0,143.14285714285714,6,12,0
2025-12-08,87.9,202.6,56.5,19.2,2.06,34.6,20.8,78.3,2.49,0.0,0.6,0.78,0.17,154,107.0,144.0,143.14285714285714,0,12,0
2025-12-09,85.8,203.4,57.8,17.9,2.11,34.8,20.4,76.8,3.16,0.0,0.54,0.73,0.15,150,154.0,154.0,144.57142857142858,1,12,0
2025-12-10,91.9,220.5,63.5,20.8,2.17,39.7,19.5,83.1,2.48,0.0,0.66,0.81,0.17,164,150.0,161.0,144.0,2,12,0
2025-12-11,82.7,183.8,55.2,16.6,2.12,34.6,18.3,78.3,3.72,0.0,0.56,0.82,0.16,148,164.0,163.0,144.42857142857142,3,12,0
2025-12-12,95.4,219.5,62.1,20.0,2.36,38.8,17.3,78.4,2.41,0.0,0.65,0.77,0.16,164,148.0,141.0,142.28571428571428,4,12,0
2025-12-13,80.8,190.4,55.2,17.9,2.04,28.2,18.9,74.4,2.76,0.0,0.63,0.62,0.17,147,164.0,132.0,145.57142857142858,5,12,0
2025-12-14,52.2,132.4,38.9,13.0,1.53,21.3,20.8,73.8,3.16,0.0,0.4,0.64,0.16,101,147.0,107.0,147.71428571428572,6,12,0
2025-12-15,101.1,236.4,69.9,21.4,2.34,42.8,19.8,73.7,1.73,0.0,0.7,0.78,0.16,181,101.0,154.0,146.85714285714286,0,12,0
2025-12-16,81.1,175.6,48.6,16.0,2.06,32.7,17.5,77.6,1.5,0.4,0.55,0.79,0.16,136,181.0,150.0,150.71428571428572,1,12,0
2025-12-17,98.2,248.8,69.0,21.9,2.55,40.0,19.6,73.2,1.61,0.0,0.66,0.88,0.16,184,136.0,164.0,148.71428571428572,2,12,0
2025-12-18,77.3,184.5,57.9,18.9,1.82,29.6,19.9,76.5,3.26,0.0,0.67,0.79,0.16,142,184.0,148.0,151.57142857142858,3,12,0
2025-12-19,97.2,217.7,63.2,19.1,2.45,38.3,18.0,85.1,2.15,0.0,0.59,0.78,0.15,174,142.0,164.0,150.71428571428572,4,12,0
2025-12-20,80.9,188.3,59.4,18.6,1.96,34.5,19.5,78.8,3.99,0.0,0.69,0.62,0.15,147,174.0,147.0,152.14285714285714,5,12,0
2025-12-21,71.9,178.4,55.0,14.1,2.01,33.3,19.3,72.5,2.09,0.0,0.43,0.66,0.16,136,147.0,101.0,152.14285714285714,6,12,0
2025-12-22,103.1,245.5,67.0,18.4,2.34,40.6,17.5,79.8,2.52,0.0,0.64,0.79,0.15,181,136.0,181.0,157.14285714285714,0,12,0
2025-12-23,86.8,193.6,57.2,18.2,1.75,35.1,19.7,71.5,3.31,0.0,0.64,0.77,0.16,145,181.0,136.0,157.14285714285714,1,12,0
2025-12-24,95.9,218.4,63.0,20.7,2.44,39.7,20.0,63.0,3.57,0.0,0.63,0.85,0.16,173,145.0,184.0,158.42857142857142,2,12,0
2025-12-25,92.4,244.6,65.7,20.8,2.44,38.7,20.8,67.8,3.58,0.0,0.68,0.86,0.15,173,173.0,142.0,156.85714285714286,3,12,0
2025-12-26,83.5,210.5,62.6,17.6,2.05,35.3,20.7,63.2,3.04,0.0,0.68,0.78,0.16,160,173.0,174.0,161.28571428571428,4,12,0
2025-12-27,78.5,193.9,53.8,16.5,1.78,34.2,17.1,70.5,2.91,1.3,0.55,0.58,0.16,141,160.0,147.0,159.28571428571428,5,12,0
2025-12-28,71.1,158.9,44.8,12.6,2.04,28.2,17.7,72.0,2.63,0.0,0.5,0.67,0.16,123,141.0,136.0,158.42857142857142,6,12,0
2025-12-29,80.7,191.7,54.9,18.5,2.03,38.9,19.9,80.0,2.72,0.7,0.56,0.77,0.14,144,123.0,181.0,156.57142857142858,0,12,0
2025-12-30,98.2,238.9,70.5,20.2,2.52,38.1,19.8,72.9,1.9,0.0,0.7,0.83,0.15,179,144.0,145.0,151.28571428571428,1,12,0
2025-12-31,92.9,233.5,66.7,22.1,2.23,40.6,19.8,69.8,1.71,0.0,0.71,0.72,0.16,172,179.0,173.0,156.14285714285714,2,12,0
2026-01-01,83.1,212.6,61.0,19.5,2.03,32.7,24.8,74.8,2.18,0.0,0.6,0.84,0.16,157,172.0,173.0,156.0,3,1,0
2026-01-02,101.2,240.3,66.1,19.8,2.38,38.3,19.9,59.2,2.06,0.0,0.63,0.75,0.15,179,157.0,160.0,153.71428571428572,4,1,0
2026-01-03,88.1,199.2,60.1,17.3,2.06,34.6,20.7,71.1,1.87,1.3,0.6,0.66,0.14,155,179.0,141.0,156.42857142857142,5,1,0
2026-01-04,67.4,165.7,48.9,15.4,1.78,29.1,20.4,73.5,2.54,0.0,0.45,0.64,0.16,131,155.0,123.0,158.42857142857142,6,1,0
2026-01-05,90.9,206.3,58.0,18.2,2.16,43.9,20.0,61.9,2.67,0.6,0.65,0.76,0.15,157,131.0,144.0,159.57142857142858,0,1,0
2026-01-06,90.0,216.1,62.9,20.0,2.26,35.9,18.5,74.7,2.13,0.0,0.7,0.78,0.15,160,157.0,179.0,161.42857142857142,1,1,0
2026-01-07,102.6,230.7,66.3,21.2,2.43,37.3,20.1,70.3,2.94,0.3,0.73,0.82,0.15,179,160.0,172.0,158.71428571428572,2,1,0
2026-01-08,92.1,235.7,66.0,19.6,2.26,40.9,17.8,66.2,1.35,0.0,0.74,0.8,0.15,175,179.0,157.0,159.71428571428572,3,1,0
2026-01-09,92.8,240.5,66.1,18.3,2.46,34.1,18.6,71.1,1.9,0.0,0.65,0.82,0.15,176,175.0,179.0,162.28571428571428,4,1,0
2026-01-10,87.5,200.5,61.9,19.7,1.96,36.0,18.3,78.9,1.57,0.0,0.67,0.7,0.14,160,176.0,155.0,161.85714285714286,5,1,0
2026-01-11,88.1,197.9,53.2,16.2,1.84,35.6,19.1,68.1,0.86,0.0,0.42,0.58,0.16,157,160.0,131.0,162.57142857142858,6,1,0
2026-01-12,108.5,242.6,71.2,20.9,2.63,44.8,22.5,68.1,1.91,0.0,0.64,0.86,0.16,188,157.0,157.0,166.28571428571428,0,1,0
2026-01-13,104.8,245.1,71.8,22.9,2.55,46.3,16.2,64.3,1.87,0.0,0.73,0.79,0.15,187,188.0,160.0,170.71428571428572,1,1,0
2026-01-14,102.7,240.2,70.3,23.9,2.48,41.5,20.0,62.0,2.83,1.5,0.77,0.75,0.15,188,187.0,179.0,174.57142857142858,2,1,0
2026-01-15,81.4,210.5,55.5,18.3,1.98,34.6,16.6,70.0,2.28,0.0,0.63,0.73,0.15,154,188.0,175.0,175.85714285714286,3,1,0
2026-01-16,107.1,247.7,69.3,21.3,2.43,41.0,18.3,61.2,1.27,0.0,0.66,0.78,0.15,188,154.0,176.0,172.85714285714286,4,1,0
2026-01-17,83.3,204.1,60.0,20.0,2.07,31.7,20.7,65.5,2.98,0.0,0.69,0.66,0.15,157,188.0,160.0,174.57142857142858,5,1,0
2026-01-18,78.4,162.2,50.2,14.3,1.67,30.5,19.2,62.4,2.59,0.0,0.5,0.62,0.15,134,157.0,157.0,174.14285714285714,6,1,0
2026-01-19,103.6,236.4,69.4,22.0,2.5,40.2,17.5,66.9,2.19,0.0,0.66,0.84,0.15,190,134.0,188.0,170.85714285714286,0,1,0
2026-01-20,107.9,246.1,66.7,22.8,2.52,42.0,18.0,65.8,1.69,0.0,0.72,0.72,0.15,188,190.0,187.0,171.14285714285714,1,1,0
2026-01-21,105.3,227.1,69.2,22.5,2.64,39.9,20.1,69.0,1.23,0.0,0.68,0.77,0.15,188,188.0,188.0,171.28571428571428,2,1,0
2026-01-22,88.9,219.2,62.2,18.1,2.16,38.6,18.0,60.9,1.57,0.0,0.7,0.72,0.16,162,188.0,154.0,171.28571428571428,3,1,0
2026-01-23,91.4,218.5,66.7,20.1,2.39,43.8,19.5,61.8,2.43,0.0,0.74,0.78,0.15,169,162.0,188.0,172.42857142857142,4,1,0
2026-01-24,84.7,228.5,59.6,18.7,1.88,31.2,19.2,57.9,2.89,0.0,0.71,0.64,0.15,156,169.0,157.0,169.71428571428572,5,1,0
2026-01-25,71.5,184.4,51.3,15.1,1.82,22.7,18.2,60.2,2.67,0.0,0.48,0.6,0.15,128,156.0,134.0,169.57142857142858,6,1,0
2026-01-26,90.5,211.9,59.6,20.7,2.09,36.2,22.4,64.0,1.44,0.0,0.71,0.66,0.16,164,128.0,190.0,168.71428571428572,0,1,1
2026-01-27,116.6,278.9,81.4,25.8,2.8,49.8,20.2,65.5,1.05,0.0,0.71,0.77,0.15,215,164.0,188.0,165.0,1,1,0
2026-01-28,107.9,264.3,72.7,22.3,2.57,46.7,16.2,56.8,1.79,0.0,0.7,0.77,0.14,197,215.0,188.0,168.85714285714286,2,1,0
2026-01-29,110.9,275.2,76.3,22.7,2.76,45.0,19.6,65.4,0.63,0.0,0.71,0.77,0.16,201,197.0,162.0,170.14285714285714,3,1,0
2026-01-30,100.5,239.5,74.5,24.7,2.5,44.3,18.3,67.5,1.87,5.5,0.8,0.8,0.15,194,201.0,169.0,175.71428571428572,4,1,0
2026-01-31,95.0,207.0,68.4,21.5,2.22,39.5,20.6,62.5,1.58,0.0,0.75,0.56,0.15,170,194.0,156.0,179.28571428571428,5,1,0
2026-02-01,72.1,172.3,50.1,17.2,1.83,33.6,18.2,69.4,1.38,1.6,0.5,0.62,0.14,136,170.0,128.0,181.28571428571428,6,2,0
2026-02-02,109.4,271.4,74.7,24.4,2.67,41.6,19.3,55.9,0.69,0.0,0.77,0.79,0.15,205,136.0,164.0,182.42857142857142,0,2,0
2026-02-03,90.9,230.7,69.5,20.0,2.26,38.5,20.2,53.2,1.94,0.0,0.72,0.67,0.15,174,205.0,215.0,188.28571428571428,1,2,0
2026-02-04,96.2,248.6,71.0,21.4,2.36,42.6,20.8,50.2,1.3,0.0,0.79,0.75,0.15,185,174.0,197.0,182.42857142857142,2,2,0
2026-02-05,103.5,244.6,74.2,21.6,2.52,42.6,17.7,66.2,0.91,3.2,0.76,0.71,0.15,196,185.0,201.0,180.71428571428572,3,2,0
2026-02-06,104.8,234.3,75.5,23.6,2.52,50.0,19.1,61.7,0.5,0.0,0.73,0.72,0.15,194,196.0,194.0,180.0,4,2,0
2026-02-07,91.0,208.2,59.7,21.2,2.05,33.0,18.9,57.8,1.58,3.4,0.76,0.59,0.15,155,194.0,170.0,180.0,5,2,0
2026-02-08,60.5,140.2,44.4,15.5,1.59,24.4,18.7,59.2,2.65,0.2,0.47,0.56,0.15,113,155.0,136.0,177.85714285714286,6,2,0
2026-02-09,87.8,190.1,60.2,20.4,2.22,36.9,22.4,51.8,2.57,0.0,0.69,0.69,0.15,159,113.0,205.0,174.57142857142858,0,2,0
2026-02-10,111.3,261.5,73.6,24.1,2.67,44.2,20.4,69.4,1.3,0.0,0.69,0.72,0.14,200,159.0,174.0,168.0,1,2,0
2026-02-11,105.9,255.8,72.8,22.3,2.35,38.8,17.9,57.5,1.2,0.0,0.76,0.67,0.15,192,200.0,185.0,171.71428571428572,2,2,0
2026-02-12,95.9,226.2,66.2,21.2,2.37,38.2,21.2,57.0,1.84,0.0,0.84,0.66,0.15,175,192.0,196.0,172.71428571428572,3,2,0
2026-02-13,113.9,274.0,79.8,26.6,2.6,51.9,23.1,59.8,0.95,2.1,0.86,0.73,0.14,214,175.0,194.0,169.71428571428572,4,2,0
2026-02-14,90.0,201.3,65.2,20.7,2.04,33.6,21.5,58.3,1.72,1.5,0.79,0.52,0.14,156,214.0,155.0,172.57142857142858,5,2,0
2026-02-15,89.7,196.1,58.7,17.8,2.06,32.2,17.7,56.7,2.0,0.0,0.55,0.58,0.14,153,156.0,113.0,172.71428571428572,6,2,0
2026-02-16,84.3,200.3,62.0,20.1,2.0,39.5,19.3,51.3,2.27,0.0,0.67,0.71,0.14,162,153.0,159.0,178.42857142857142,0,2,0
2026-02-17,93.6,222.9,67.9,21.7,2.26,38.6,22.0,57.3,1.47,0.0,0.73,0.62,0.14,176,162.0,200.0,178.85714285714286,1,2,0
2026-02-18,105.1,254.7,71.7,23.9,2.41,42.8,19.1,64.1,1.4,0.0,0.72,0.66,0.14,193,176.0,192.0,175.42857142857142,2,2,0
2026-02-19,96.0,236.2,71.3,23.0,2.31,41.2,20.9,61.1,0.99,0.3,0.73,0.73,0.14,180,193.0,175.0,175.57142857142858,3,2,0
2026-02-20,96.5,225.8,66.5,21.9,2.37,41.2,21.4,62.1,1.02,0.0,0.76,0.64,0.14,173,180.0,214.0,176.28571428571428,4,2,0
2026-02-21,88.0,205.2,64.5,21.4,1.99,44.3,18.9,51.3,1.37,0.0,0.74,0.53,0.15,164,173.0,156.0,170.42857142857142,5,2,0
2026-02-22,85.6,185.4,54.8,16.7,1.8,34.4,20.3,48.6,1.73,0.0,0.47,0.55,0.14,144,164.0,153.0,171.57142857142858,6,2,0
2026-02-23,97.2,203.8,65.6,21.2,2.27,42.9,15.6,52.6,2.05,0.0,0.81,0.7,0.15,170,144.0,162.0,170.28571428571428,0,2,0
2026-02-24,85.6,202.2,63.8,20.3,2.14,33.3,19.0,53.2,1.02,0.0,0.72,0.66,0.14,154,170.0,176.0,171.42857142857142,1,2,0
2026-02-25,95.8,230.6,63.2,19.9,2.18,35.0,20.2,58.2,2.4,0.0,0.79,0.64,0.15,169,154.0,193.0,168.28571428571428,2,2,0
2026-02-26,119.6,263.1,84.3,26.8,2.8,49.3,18.8,44.0,1.34,0.0,0.88,0.72,0.14,211,169.0,180.0,164.85714285714286,3,2,0
2026-02-27,106.6,251.2,72.9,21.9,2.6,44.9,23.1,59.8,1.49,0.0,0.73,0.73,0.15,197,211.0,173.0,169.28571428571428,4,2,0
2026-02-28,85.7,210.9,60.6,19.6,1.83,33.1,18.6,51.1,1.05,1.6,0.65,0.55,0.14,160,197.0,164.0,172.71428571428572,5,2,0
2026-03-01,82.2,203.7,51.6,16.4,1.86,32.7,20.2,49.5,0.5,0.0,0.54,0.52,0.15,149,160.0,144.0,172.14285714285714,6,3,0
2026-03-02,109.3,248.6,74.0,24.4,2.38,45.5,21.1,46.3,2.03,0.0,0.84,0.61,0.14,194,149.0,170.0,172.85714285714286,0,3,0
2026-03-03,93.9,215.5,66.5,22.4,2.24,39.0,23.1,42.9,1.94,0.0,0.88,0.61,0.14,170,194.0,154.0,176.28571428571428,1,3,0
2026-03-04,92.8,214.7,66.4,19.8,2.04,42.1,18.9,55.0,1.34,0.0,0.72,0.66,0.13,177,170.0,169.0,178.57142857142858,2,3,0
2026-03-05,102.7,249.3,73.2,23.8,2.69,44.1,22.8,51.0,1.55,0.0,0.81,0.66,0.14,191,177.0,211.0,179.71428571428572,3,3,0
2026-03-06,102.5,259.1,73.2,22.0,2.47,40.9,21.2,44.0,1.82,0.0,0.76,0.69,0.14,187,191.0,197.0,176.85714285714286,4,3,0
2026-03-07,99.2,237.2,70.3,23.1,2.24,39.7,19.8,43.7,0.57,0.0,0.78,0.53,0.14,181,187.0,160.0,175.42857142857142,5,3,0
2026-03-08,90.4,199.6,59.6,18.7,2.02,30.4,22.0,48.3,1.2,0.0,0.64,0.46,0.14,154,181.0,149.0,178.42857142857142,6,3,0
2026-03-09,77.4,195.3,56.5,19.4,2.25,38.1,21.7,58.1,2.0,0.0,0.71,0.67,0.13,148,154.0,194.0,179.14285714285714,0,3,0
2026-03-10,102.7,239.0,69.4,21.8,2.39,41.9,20.6,48.2,0.77,0.0,0.8,0.59,0.14,184,148.0,170.0,172.57142857142858,1,3,0
2026-03-11,107.9,238.0,76.3,22.6,2.46,42.0,21.6,41.8,1.7,1.2,0.81,0.61,0.13,188,184.0,177.0,174.57142857142858,2,3,0
2026-03-12,112.0,255.2,72.8,23.3,2.43,40.8,21.0,47.8,0.72,0.0,0.85,0.63,0.14,191,188.0,191.0,176.14285714285714,3,3,0
2026-03-13,102.3,246.5,75.7,23.9,2.43,51.5,21.9,47.5,1.82,0.0,0.8,0.7,0.14,188,191.0,187.0,176.14285714285714,4,3,0
2026-03-14,105.1,245.1,72.2,24.8,2.31,39.3,22.8,35.2,1.52,0.0,0.81,0.59,0.13,188,188.0,181.0,176.28571428571428,5,3,0
2026-03-15,83.7,186.0,55.6,16.5,1.82,31.1,24.2,48.2,0.58,0.0,0.54,0.51,0.14,149,188.0,154.0,177.28571428571428,6,3,0
2026-03-16,98.2,241.1,71.5,23.3,2.19,41.6,20.1,47.1,2.26,0.0,0.81,0.61,0.14,177,149.0,148.0,176.57142857142858,0,3,0
2026-03-17,98.0,237.7,71.7,19.9,2.16,41.4,25.2,51.6,1.12,0.0,0.78,0.63,0.14,179,177.0,184.0,180.71428571428572,1,3,0
2026-03-18,106.4,243.9,73.6,22.4,2.42,46.8,19.1,57.2,1.09,8.8,0.83,0.65,0.13,191,179.0,188.0,180.0,2,3,0
2026-03-19,94.2,248.6,70.3,21.6,2.16,47.3,21.9,53.4,1.7,0.0,0.78,0.6,0.13,185,191.0,191.0,180.42857142857142,3,3,0
2026-03-20,103.6,236.1,71.6,21.6,2.41,43.1,23.1,46.2,2.28,0.0,0.82,0.68,0.14,185,185.0,188.0,179.57142857142858,4,3,0
2026-03-21,96.4,220.6,68.9,20.3,2.14,35.9,22.7,41.9,0.99,0.0,0.8,0.49,0.13,175,185.0,188.0,179.14285714285714,5,3,0
2026-03-22,81.1,187.3,58.4,18.3,1.9,32.1,21.5,60.1,1.65,0.0,0.6,0.5,0.14,149,175.0,149.0,177.28571428571428,6,3,0
2026-03-23,109.9,231.0,72.5,22.8,2.34,43.6,22.2,47.4,1.88,0.0,0.8,0.63,0.14,189,149.0,177.0,177.28571428571428,0,3,0
2026-03-24,78.4,193.9,59.3,19.2,2.27,38.4,21.8,47.0,2.04,0.0,0.71,0.62,0.14,146,189.0,179.0,179.0,1,3,0
2026-03-25,110.9,250.3,81.6,25.6,2.68,42.4,21.8,46.7,1.75,0.0,0.86,0.64,0.13,204,146.0,191.0,174.28571428571428,2,3,0
2026-03-26,100.3,213.1,67.3,21.5,2.05,41.7,24.0,47.6,1.43,4.6,0.75,0.58,0.13,171,204.0,185.0,176.14285714285714,3,3,0
2026-03-27,99.4,224.3,71.6,23.1,2.34,42.2,23.3,45.8,1.17,0.0,0.77,0.58,0.14,185,171.0,185.0,174.14285714285714,4,3,0
2026-03-28,94.6,226.8,64.8,21.6,2.05,41.9,21.9,43.5,1.73,0.0,0.77,0.45,0.14,175,185.0,175.0,174.14285714285714,5,3,0
2026-03-29,77.0,181.9,49.2,16.2,1.7,30.0,24.3,43.5,1.04,0.0,0.61,0.49,0.14,141,175.0,149.0,174.14285714285714,6,3,0
2026-03-30,100.1,227.9,67.8,22.2,2.14,37.1,23.5,46.0,0.5,0.0,0.69,0.63,0.14,177,141.0,189.0,173.0,0,3,0
2026-03-31,109.2,248.2,78.0,24.7,2.51,46.7,24.4,43.3,1.97,0.0,0.95,0.62,0.13,197,177.0,146.0,171.28571428571428,1,3,0
2026-04-01,94.7,223.7,69.8,21.9,2.26,41.9,24.2,42.4,2.27,0.0,0.85,0.67,0.14,179,197.0,204.0,178.57142857142858,2,4,0
2026-04-02,116.3,282.3,81.0,25.1,2.72,52.1,22.1,46.4,0.5,0.0,0.81,0.6,0.14,214,179.0,171.0,175.0,3,4,0
2026-04-03,97.9,231.2,70.2,21.6,2.41,40.8,22.6,44.5,1.15,2.6,0.8,0.63,0.13,181,214.0,185.0,181.14285714285714,4,4,0
2026-04-04,87.1,209.0,66.2,20.4,2.08,33.0,24.6,53.2,2.14,0.0,0.81,0.45,0.13,159,181.0,175.0,180.57142857142858,5,4,0
2026-04-05,71.2,158.2,49.9,16.3,1.56,22.2,24.5,32.3,3.02,0.0,0.58,0.47,0.13,127,159.0,141.0,178.28571428571428,6,4,0
2026-04-06,96.5,226.7,67.1,22.5,2.28,41.0,23.6,50.9,1.81,4.8,0.83,0.63,0.13,173,127.0,177.0,176.28571428571428,0,4,0
2026-04-07,98.2,255.1,75.0,22.4,2.45,43.5,23.9,51.6,1.38,0.0,0.83,0.64,0.13,188,173.0,197.0,175.71428571428572,1,4,0
2026-04-08,104.1,243.2,70.7,22.2,2.26,37.8,25.7,35.0,1.72,0.0,0.8,0.59,0.14,183,188.0,179.0,174.42857142857142,2,4,0
2026-04-09,91.4,210.9,66.3,22.1,2.05,35.0,23.0,43.6,2.67,0.0,0.79,0.6,0.14,165,183.0,214.0,175.0,3,4,0
2026-04-10,102.1,233.6,68.3,22.7,2.38,38.2,24.8,43.4,1.47,0.0,0.79,0.55,0.13,178,165.0,181.0,168.0,4,4,0
2026-04-11,93.1,214.9,64.5,23.3,2.07,32.5,23.8,38.1,1.4,0.0,0.79,0.47,0.14,167,178.0,159.0,167.57142857142858,5,4,0
2026-04-12,76.2,172.3,51.9,17.8,1.8,25.9,23.8,41.2,1.61,1.4,0.6,0.52,0.14,132,167.0,127.0,168.71428571428572,6,4,0
2026-04-13,108.9,251.5,75.2,25.1,2.38,40.3,25.9,39.5,1.34,0.0,0.83,0.63,0.13,195,132.0,173.0,169.42857142857142,0,4,0
2026-04-14,102.1,230.5,67.4,19.4,2.17,38.2,25.6,53.8,2.01,0.0,0.65,0.63,0.14,178,195.0,188.0,172.57142857142858,1,4,0
2026-04-15,95.7,224.3,67.4,22.7,2.15,35.5,25.7,49.7,2.93,0.0,0.83,0.62,0.14,171,178.0,183.0,171.14285714285714,2,4,0
2026-04-16,98.7,226.0,66.4,22.4,2.28,34.8,26.5,51.4,2.16,0.0,0.8,0.62,0.14,180,171.0,165.0,169.42857142857142,3,4,0
2026-04-17,108.8,232.8,70.6,22.2,2.22,47.5,24.6,48.6,1.84,0.0,0.79,0.59,0.13,185,180.0,178.0,171.57142857142858,4,4,0
2026-04-18,88.6,192.0,64.0,20.4,1.98,37.7,25.7,39.4,1.83,0.0,0.77,0.52,0.14,156,185.0,167.0,172.57142857142858,5,4,0
2026-04-19,95.9,209.9,62.7,20.6,1.95,35.6,24.3,42.4,1.09,0.4,0.59,0.51,0.13,171,156.0,132.0,171.0,6,4,0
2026-04-20,96.5,227.5,71.0,23.5,2.23,41.4,25.3,47.5,2.58,0.0,0.84,0.64,0.13,182,171.0,195.0,176.57142857142858,0,4,0
2026-04-21,100.1,246.9,73.7,21.8,2.44,43.5,24.7,38.9,2.02,0.0,0.75,0.6,0.13,189,182.0,178.0,174.71428571428572,1,4,0
2026-04-22,92.5,209.4,64.8,22.2,2.16,40.2,25.2,48.6,1.98,0.0,0.81,0.54,0.14,167,189.0,171.0,176.28571428571428,2,4,0
2026-04-23,95.0,227.5,63.3,20.5,2.22,35.3,26.0,43.9,4.02,0.0,0.74,0.67,0.13,172,167.0,180.0,175.71428571428572,3,4,0
2026-04-24,93.0,224.4,65.8,21.2,2.11,41.6,24.0,43.2,2.31,0.0,0.72,0.61,0.14,172,172.0,185.0,174.57142857142858,4,4,0
2026-04-25,94.4,206.5,65.4,20.9,1.99,35.4,28.4,48.7,1.7,0.0,0.76,0.48,0.13,171,172.0,156.0,172.71428571428572,5,4,0
2026-04-26,86.3,197.9,54.1,17.4,1.87,28.3,23.9,47.4,1.92,0.0,0.58,0.53,0.12,148,171.0,171.0,174.85714285714286,6,4,0
2026-04-27,96.6,229.9,67.9,22.8,2.28,40.4,23.6,43.4,2.88,0.0,0.83,0.63,0.13,172,148.0,182.0,171.57142857142858,0,4,0
2026-04-28,105.2,248.8,76.4,22.9,2.62,47.8,27.3,51.0,2.28,0.0,0.81,0.69,0.12,198,172.0,189.0,170.14285714285714,1,4,0
2026-04-29,107.5,258.3,75.2,25.8,2.45,51.4,26.8,39.9,1.37,0.0,0.82,0.67,0.13,196,198.0,167.0,171.42857142857142,2,4,0
2026-04-30,83.7,196.7,63.8,18.8,1.99,30.2,26.6,48.5,2.81,0.2,0.81,0.68,0.13,157,196.0,172.0,175.57142857142858,3,4,0
2026-05-01,88.2,212.0,67.3,19.9,2.13,37.4,26.7,48.4,1.88,0.0,0.75,0.6,0.12,162,157.0,172.0,173.42857142857142,4,5,0
2026-05-02,84.8,193.3,62.3,20.9,1.93,32.7,25.8,44.0,3.43,0.0,0.8,0.56,0.13,156,162.0,171.0,172.0,5,5,0
2026-05-03,72.0,159.3,52.1,17.0,1.71,30.8,24.6,47.2,2.98,0.0,0.57,0.54,0.14,134,156.0,148.0,169.85714285714286,6,5,0
2026-05-04,96.5,233.9,69.9,22.6,2.47,35.9,26.1,39.4,2.08,3.5,0.81,0.65,0.12,182,134.0,172.0,167.85714285714286,0,5,0
2026-05-05,103.2,243.9,71.5,23.4,2.5,38.3,25.1,50.4,3.14,1.1,0.83,0.67,0.12,188,182.0,198.0,169.28571428571428,1,5,0
2026-05-06,83.1,197.2,61.3,20.8,2.04,30.7,27.6,45.0,2.44,0.0,0.81,0.6,0.13,154,188.0,196.0,167.85714285714286,2,5,0
2026-05-07,86.8,216.5,67.0,21.6,2.16,38.5,26.0,43.4,2.93,1.9,0.79,0.69,0.14,174,154.0,157.0,161.85714285714286,3,5,0
2026-05-08,93.1,202.4,64.6,22.3,2.11,32.6,25.1,51.3,2.74,0.0,0.82,0.63,0.13,158,174.0,162.0,164.28571428571428,4,5,0
2026-05-09,98.5,227.3,72.0,22.4,2.24,40.1,25.9,42.7,1.96,0.0,0.77,0.5,0.13,173,158.0,156.0,163.71428571428572,5,5,0
2026-05-10,69.5,166.7,47.2,16.2,1.65,29.8,27.1,39.3,2.11,0.0,0.51,0.5,0.13,128,173.0,134.0,166.14285714285714,6,5,0
2026-05-11,97.0,230.6,67.2,20.7,2.48,40.7,25.7,38.7,3.14,0.0,0.76,0.73,0.12,176,128.0,182.0,165.28571428571428,0,5,0
2026-05-12,86.0,206.3,63.3,20.2,2.29,40.5,25.4,49.6,2.34,0.0,0.73,0.66,0.12,163,176.0,188.0,164.42857142857142,1,5,0
2026-05-13,110.1,257.6,72.7,22.3,2.68,43.6,27.1,40.3,2.33,2.2,0.73,0.75,0.13,191,163.0,154.0,160.85714285714286,2,5,0
2026-05-14,109.6,236.2,72.3,21.6,2.46,38.2,27.1,55.6,2.02,0.0,0.75,0.68,0.13,189,191.0,174.0,166.14285714285714,3,5,0
2026-05-15,92.0,220.3,66.9,20.9,2.23,40.5,26.1,36.6,2.87,0.0,0.72,0.63,0.13,166,189.0,158.0,168.28571428571428,4,5,0
2026-05-16,81.0,193.6,52.5,18.2,1.98,28.4,26.2,55.6,3.88,0.0,0.74,0.53,0.12,142,166.0,173.0,169.42857142857142,5,5,0
2026-05-17,77.5,185.8,46.5,16.5,1.93,32.3,27.3,48.4,2.03,0.0,0.46,0.61,0.13,140,142.0,128.0,165.0,6,5,0
2026-05-18,88.7,217.6,64.9,20.1,2.2,41.9,24.9,47.0,2.71,0.0,0.76,0.7,0.12,169,140.0,176.0,166.71428571428572,0,5,0
2026-05-19,92.9,218.3,68.6,22.9,2.22,39.2,25.0,44.9,3.56,0.0,0.75,0.69,0.12,171,169.0,163.0,165.71428571428572,1,5,0
2026-05-20,102.9,250.7,67.0,21.1,2.47,36.9,26.1,49.8,2.7,0.0,0.71,0.72,0.13,186,171.0,191.0,166.85714285714286,2,5,0
2026-05-21,101.2,231.0,65.5,22.9,2.33,38.5,26.9,47.8,3.04,0.6,0.78,0.74,0.13,186,186.0,189.0,166.14285714285714,3,5,0
2026-05-22,100.5,231.2,72.2,23.4,2.44,44.4,27.8,53.7,2.16,0.0,0.79,0.77,0.13,184,186.0,166.0,165.71428571428572,4,5,0
2026-05-23,84.7,197.7,60.1,18.4,2.16,32.2,29.6,48.9,3.08,0.0,0.66,0.63,0.13,155,184.0,142.0,168.28571428571428,5,5,0
2026-05-24,63.0,159.3,42.2,15.0,1.39,23.2,28.7,49.3,2.73,0.0,0.49,0.57,0.13,115,155.0,140.0,170.14285714285714,6,5,0
2026-05-25,89.2,213.6,60.7,18.7,2.32,37.3,27.3,47.0,3.46,0.0,0.7,0.68,0.12,162,115.0,169.0,166.57142857142858,0,5,0
2026-05-26,85.3,201.4,60.2,21.2,2.3,36.8,27.5,48.7,3.61,0.0,0.69,0.72,0.13,161,162.0,171.0,165.57142857142858,1,5,0
2026-05-27,76.6,183.6,58.7,19.2,1.99,31.4,26.1,50.7,4.48,0.0,0.78,0.75,0.11,143,161.0,186.0,164.14285714285714,2,5,0
2026-05-28,78.5,189.9,58.2,18.6,2.12,31.3,27.6,40.8,3.3,5.4,0.72,0.71,0.12,150,143.0,186.0,158.0,3,5,0
2026-05-29,91.8,204.4,63.8,19.8,2.18,34.0,27.3,42.9,3.17,0.0,0.72,0.71,0.12,162,150.0,184.0,152.85714285714286,4,5,0
2026-05-30,71.8,192.4,49.5,18.5,2.03,32.4,28.3,53.6,3.12,1.4,0.63,0.61,0.12,142,162.0,155.0,149.71428571428572,5,5,0
2026-05-31,70.8,148.2,45.7,14.5,1.8,27.0,26.6,50.9,2.81,0.1,0.53,0.6,0.12,122,142.0,115.0,147.85714285714286,6,5,0
2026-06-01,92.0,220.4,58.9,18.7,2.06,33.4,28.7,49.4,3.25,12.8,0.66,0.76,0.12,160,122.0,162.0,148.85714285714286,0,6,0
2026-06-02,82.9,204.6,59.7,19.2,2.16,35.3,30.3,50.6,2.9,49.5,0.73,0.73,0.13,152,160.0,161.0,148.57142857142858,1,6,0
2026-06-03,84.3,226.3,63.8,19.6,2.26,35.9,27.8,52.5,3.2,0.0,0.73,0.75,0.13,167,152.0,143.0,147.28571428571428,2,6,0
2026-06-04,83.8,196.8,63.6,22.0,2.13,30.3,28.7,48.3,3.92,11.7,0.79,0.73,0.12,154,167.0,150.0,150.71428571428572,3,6,0
2026-06-05,92.2,217.2,61.5,20.3,2.26,34.0,28.5,55.0,1.2,0.0,0.74,0.82,0.12,168,154.0,162.0,151.28571428571428,4,6,0
